model_name,model_id,seniority_term,avg_sim_female,avg_sim_male,diff_male_minus_female
JobBERT-v2,TechWolf/JobBERT-v2,junior,0.2507472336292267,0.2867324948310852,0.03598526120185852
JobBERT-v2,TechWolf/JobBERT-v2,mid-level,0.25274860858917236,0.29730498790740967,0.044556379318237305
JobBERT-v2,TechWolf/JobBERT-v2,senior,0.2985485792160034,0.37654128670692444,0.07799270749092102
JobBERT-v2,TechWolf/JobBERT-v2,lead,0.23583674430847168,0.2747882306575775,0.038951486349105835
