model_name,model_id,seniority_term,avg_sim_female,avg_sim_male,diff_male_minus_female
JobBERT-v3,TechWolf/JobBERT-v3,junior,0.2367711067199707,0.25838959217071533,0.02161848545074463
JobBERT-v3,TechWolf/JobBERT-v3,mid-level,0.19459594786167145,0.22211138904094696,0.027515441179275513
JobBERT-v3,TechWolf/JobBERT-v3,senior,0.1533902883529663,0.20810262858867645,0.054712340235710144
JobBERT-v3,TechWolf/JobBERT-v3,lead,0.14859379827976227,0.17552387714385986,0.026930078864097595
